pH,scan_rate,current_density,onset_pot,ox_pot,ox_onset,A_concentration,El_conc,E1,E2,E3,E4,G,OH,Org,rGO,CNT,E1_av,E2_av,E3/4_av,Electrolyte,RE,WE_Au,WE_CC,WE_CF,WE_CP,WE_FTO,WE_GCD,WE_GCE,WE_GE,WE_NPSS,WE_Ni,WE_Pt,WE_SELF,WE_Ti
13.79,10,42.7,-0.406,0.214,0.62,1,1,78,28,8,0,0,0,0,0,0,5.5419675,4.3985196,3.769790075,4,4,0,0,0,0,0,0,0,0,0,0,0,0,1
0.59,50,0.425,0.64519,0.80519,0.16,0.2,0.5,78,0,0,0,0,0,0,0,0,5.5419675,0,0.0,0,4,0,0,0,0,0,0,0,0,0,0,1,0,0
13.79,5,55,0.476,0.644,0.168,1,1,28,27,8,0,1,0,0,0,0,4.3985196,4.2716375,3.769790075,5,5,0,0,0,0,0,0,0,1,0,0,0,0,0
13.79,5,24.52,-0.168,0.374,0.542,1,1,79,0,0,0,1,0,0,0,0,5.767082125,0,0.0,5,5,0,0,0,0,0,0,0,1,0,0,0,0,0
13.79,5,99.2,-0.276,0.332,0.608,1,1,79,28,27,8,1,0,0,0,0,5.767082125,4.3985196,5.905608825,5,5,0,0,0,0,0,0,0,1,0,0,0,0,0
13.89,50,9.18,-0.133,0.139,0.272,1,0.5,46,6,0,0,0,0,0,0,0,4.4494901,6.261200806,0.0,5,0,0,0,0,0,0,1,0,0,0,0,0,0,0
13.89,50,52.1,-0.199,0.269,0.468,1,0.5,46,79,0,0,0,0,0,0,0,4.4494901,5.767082125,0.0,5,0,0,0,0,0,0,1,0,0,0,0,0,0,0
13.89,50,40.4,-0.044,0.599,0.643,1,0.5,79,6,0,0,0,0,0,0,0,5.767082125,6.261200806,0.0,5,0,0,0,0,0,0,1,0,0,0,0,0,0,0
13.79,5,52.36,-0.404,-0.106,0.298,1,1,78,28,27,8,1,0,0,0,0,5.5419675,4.3985196,5.905608825,5,5,0,0,0,0,0,0,0,1,0,0,0,0,0
13.79,5,35.78,-0.379,-0.071,0.308,1,1,78,0,0,0,1,0,0,0,0,5.5419675,0,0.0,5,5,0,0,0,0,0,0,0,1,0,0,0,0,0
12.71,20,62.9,0.449,0.733,0.284,0.1,1,28,47,0,0,0,0,0,1,0,4.3985196,4.4403535,0.0,4,0,0,0,0,0,0,0,1,0,0,0,0,0,0
13.79,5,18.42,-0.327,-0.041,0.286,1,1,78,6,0,0,0,0,0,0,0,5.5419675,6.261200806,0.0,5,5,0,0,0,0,0,1,0,0,0,0,0,0,0
13.56,50,8.56,-0.169,0.1615,0.3305,0.5,0.5,46,6,0,0,0,0,0,0,0,4.4494901,6.261200806,0.0,5,0,0,0,0,0,0,1,0,0,0,0,0,0,0
12.88,20,47.9,0.584,1.034,0.45,0.1,0.34,28,47,0,0,0,0,0,1,0,4.3985196,4.4403535,0.0,4,0,0,0,0,0,0,0,1,0,0,0,0,0,0
13.56,50,36.02,-0.301,0.247,0.548,0.5,0.5,46,29,0,0,0,0,0,0,0,4.4494901,4.481082,0.0,5,0,0,0,0,0,0,0,1,0,0,0,0,0,0
13.02,20,91.67,0.449,0.851,0.402,0.2,1,28,47,0,0,0,0,0,1,0,4.3985196,4.4403535,0.0,4,0,0,0,0,0,0,0,1,0,0,0,0,0,0
13.21,20,115.28,0.449,0.943,0.494,0.3,1,28,47,0,0,0,0,0,1,0,4.3985196,4.4403535,0.0,4,0,0,0,0,0,0,0,1,0,0,0,0,0,0
13.45,20,129.17,0.449,0.972,0.523,0.5,1,28,47,0,0,0,0,0,1,0,4.3985196,4.4403535,0.0,4,0,0,0,0,0,0,0,1,0,0,0,0,0,0
13.34,20,125.14,0.449,0.973,0.524,0.4,1,28,47,0,0,0,0,0,1,0,4.3985196,4.4403535,0.0,4,0,0,0,0,0,0,0,1,0,0,0,0,0,0
13.67,50,13.956,0.049,0.799,0.75,0.5,0.1,79,22,8,0,0,0,0,0,0,5.767082125,3.4518325,3.769790075,4,0,0,0,0,0,0,0,0,0,0,0,0,1,0
13.67,50,4.56,0.112,0.499,0.387,0.5,0.1,79,29,22,8,0,0,0,0,0,5.767082125,4.481082,5.4957063250000004,4,0,0,0,0,0,0,0,0,0,0,0,0,1,0
13.79,50,4.04,-0.141,0.049,0.19,1,1,46,6,0,0,0,0,0,0,0,4.4494901,6.261200806,0.0,5,0,0,0,0,0,0,0,1,0,0,0,0,0,0
13.79,50,2.89,-0.201,0.057,0.258,1,1,46,0,0,0,0,0,0,0,0,4.4494901,0,0.0,5,0,0,0,0,0,0,0,1,0,0,0,0,0,0
13.79,50,5.57,-0.201,0.089,0.29,1,1,46,50,0,0,0,0,0,0,0,4.4494901,4.2279941,0.0,5,0,0,0,0,0,0,0,1,0,0,0,0,0,0
13.79,50,7.87,-0.121,0.189,0.31,1,1,46,83,0,0,0,0,0,0,0,4.4494901,4.113939065,0.0,5,0,0,0,0,0,0,0,1,0,0,0,0,0,0
13.79,50,5.06,-0.201,0.115,0.316,1,1,46,31,0,0,0,0,0,0,0,4.4494901,3.15025155,0.0,5,0,0,0,0,0,0,0,1,0,0,0,0,0,0
13.79,50,5.6,-0.201,0.151,0.352,1,1,46,49,0,0,0,0,0,0,0,4.4494901,3.08514085,0.0,5,0,0,0,0,0,0,0,1,0,0,0,0,0,0
13.79,50,5.39,-0.201,0.154,0.355,1,1,46,82,0,0,0,0,0,0,0,4.4494901,3.88670055,0.0,5,0,0,0,0,0,0,0,1,0,0,0,0,0,0
13.56,100,60.48,1.044,0,1.044,0.5,0.5,57,27,25,8,0,0,0,0,0,3.0672231,4.2716375,5.498299575,5,5,0,0,0,0,0,0,1,0,0,0,0,0,0
13.56,100,36.13,1.044,0,1.044,0.5,0.5,57,25,8,0,0,0,0,0,0,3.0672231,3.457019,3.769790075,5,5,0,0,0,0,0,0,1,0,0,0,0,0,0
13.56,50,26.18,0.44,0.8,0.36,0.5,0.5,46,42,0,0,0,0,0,1,0,4.4494901,3.91988,0.0,5,1,0,0,0,0,0,0,1,0,0,0,0,0,0
13.56,50,58.23,0.38,0.827,0.447,0.5,0.5,46,42,51,0,0,0,0,1,0,4.4494901,3.91988,2.4139475475,5,1,0,0,0,0,0,0,1,0,0,0,0,0,0
9,10,2,0.999,1.029,0.03,0.01,0,28,8,0,0,0,1,0,0,0,4.3985196,7.53958015,0.0,2,4,0,0,0,0,1,0,0,0,0,0,0,0,0
10,10,2.15,0.92,0.95,0.03,0.01,0,28,8,0,0,0,1,0,0,0,4.3985196,7.53958015,0.0,2,4,0,0,0,0,1,0,0,0,0,0,0,0,0
11,10,1.8,0.811,0.851,0.04,0.01,0,28,8,0,0,0,1,0,0,0,4.3985196,7.53958015,0.0,2,4,0,0,0,0,1,0,0,0,0,0,0,0,0
12,10,1.5,0.722,0.782,0.06,0.01,0,28,8,0,0,0,1,0,0,0,4.3985196,7.53958015,0.0,2,4,0,0,0,0,1,0,0,0,0,0,0,0,0
13,10,3.36,0.633,0.846,0.213,0.01,0.1,28,8,0,0,0,1,0,0,0,4.3985196,7.53958015,0.0,5,4,0,0,0,0,1,0,0,0,0,0,0,0,0
14,20,241.83,-0.2,0.073,0.273,0.5,2,46,25,8,0,0,0,0,0,0,4.4494901,3.457019,3.769790075,5,3,0,0,0,0,0,0,1,0,0,0,0,0,0
11.96,20,107.09,-0.2,0.083,0.283,0.5,2,46,6,0,0,0,0,0,0,0,4.4494901,6.261200806,0.0,5,3,0,0,0,0,0,0,1,0,0,0,0,0,0
13.27,20,131.71,-0.23,0.079,0.309,1,2,46,6,0,0,0,0,0,0,0,4.4494901,6.261200806,0.0,5,3,0,0,0,0,0,0,1,0,0,0,0,0,0
13.62,20,141.04,-0.23,0.094,0.324,1.5,2,46,6,0,0,0,0,0,0,0,4.4494901,6.261200806,0.0,5,3,0,0,0,0,0,0,1,0,0,0,0,0,0
13.27,20,372.45,-0.2,0.13,0.33,1,2,46,25,8,0,0,0,0,0,0,4.4494901,3.457019,3.769790075,5,3,0,0,0,0,0,0,1,0,0,0,0,0,0
13.84,20,157.6,-0.23,0.1,0.33,2,2,46,6,0,0,0,0,0,0,0,4.4494901,6.261200806,0.0,5,3,0,0,0,0,0,0,1,0,0,0,0,0,0
13.62,20,409.18,-0.2,0.179,0.379,1.5,2,46,25,8,0,0,0,0,0,0,4.4494901,3.457019,3.769790075,5,3,0,0,0,0,0,0,1,0,0,0,0,0,0
13.84,20,472.9,-0.2,0.19,0.39,2,2,46,25,8,0,0,0,0,0,0,4.4494901,3.457019,3.769790075,5,3,0,0,0,0,0,0,1,0,0,0,0,0,0
13.02,5,0,0.564,0,-0.564,0.2,1,29,23,27,0,0,0,0,0,0,4.481082,3.6369245,2.13581875,5,4,0,0,0,0,0,0,1,0,0,0,0,0,0
13.02,50,9,-0.226,0.004,0.23,0.2,1,78,6,0,0,0,0,0,0,0,5.5419675,6.261200806,0.0,5,4,0,0,0,0,0,0,1,0,0,0,0,0,0
13.02,50,33,-0.306,-0.026,0.28,0.2,1,78,50,7,6,0,0,0,0,0,5.5419675,4.2279941,6.746632903,5,4,0,0,0,1,0,0,0,0,0,0,0,0,0
12.71,0,678.57,0.474,0.874,0.4,0.1,1,25,8,29,8,0,0,0,0,0,3.457019,7.53958015,6.010331075,5,4,0,0,1,0,0,0,0,0,0,0,0,0,0
13.98,5,5.56,0.0507,0.4107,0.36,1,0.1,47,6,0,0,0,0,0,0,0,4.4403535,6.261200806,0.0,4,4,0,0,0,0,0,0,1,0,0,0,0,0,0
13.98,5,95.7,-0.4293,-0.0143,0.415,1,0.1,78,6,0,0,0,0,0,0,0,5.5419675,6.261200806,0.0,4,4,0,0,0,0,0,0,1,0,0,0,0,0,0
13.98,5,87.7,-0.6193,0.1307,0.75,1,0.1,47,78,6,0,0,0,0,0,0,4.4403535,5.5419675,3.130600403,4,4,0,0,0,0,0,0,1,0,0,0,0,0,0
14,50,36,-0.32541,0.24459,0.57,2,2,78,83,0,0,0,0,0,0,0,5.5419675,4.113939065,0.0,4,4,0,0,0,0,0,0,0,0,0,1,0,0,0
14,50,60,-0.36541,0.46459,0.83,2,2,78,83,79,0,0,0,0,0,0,5.5419675,4.113939065,2.8835410625,4,4,0,0,0,0,0,0,0,0,0,1,0,0,0
12.71,5,259.55,0.47518,0.89518,0.42,0.1,1,74,27,15,0,0,0,0,0,0,4.340149,4.2716375,2.808323275,5,4,0,0,0,0,0,0,0,0,0,1,0,0,0
12.4,20,88.7,-0.176,0.014,0.19,0.05,1,15,83,22,7,0,0,0,0,0,5.61664655,4.113939065,5.34194875,5,4,0,1,0,0,0,0,0,0,0,0,0,0,0
12.66,0.05,2.28,0.599,0,0.599,0.05,0.1,6,0,0,0,0,0,0,0,0,6.261200806,0,0.0,5,0,0,0,0,0,0,0,0,1,0,0,0,0,0
13.45,10,229.27,0.474,0.914,0.44,0.5,1,46,28,8,0,0,0,0,0,0,4.4494901,4.3985196,3.769790075,5,4,0,0,0,0,0,0,1,0,0,0,0,0,0
13.56,30,240.2,-0.141,-0.001,0.14,0.5,0.5,46,25,8,0,0,0,1,0,0,4.4494901,3.457019,3.769790075,5,0,0,0,0,0,0,0,1,0,0,0,0,0,0
12.83,50,70,0.09347,0.31347,0.22,0.1,0.5,79,0,0,0,0,0,0,0,0,5.767082125,0,0.0,5,4,0,0,0,0,0,0,0,0,0,0,0,1,0
12.71,50,237.02,0.044,0.474,0.43,0.1,1,79,28,0,0,0,0,0,0,0,5.767082125,4.3985196,0.0,5,4,0,0,0,0,0,0,0,0,0,1,0,0,0
13.79,10,20.4,-0.326,-0.006,0.32,1,1,78,6,0,0,0,0,0,0,0,5.5419675,6.261200806,0.0,5,5,0,0,0,0,0,0,0,1,0,0,0,0,0
13.79,10,20.4,-0.082,0.334,0.416,1,1,79,6,0,0,0,0,0,0,0,5.767082125,6.261200806,0.0,5,5,0,0,0,0,0,0,0,1,0,0,0,0,0
13.79,10,75.4,-0.272,0.164,0.436,1,1,79,58,8,6,0,0,0,0,0,5.767082125,3.0553,6.900390478,5,5,0,0,0,0,0,0,0,1,0,0,0,0,0
9,10,0,0.869,0,-0.869,0.1,0.1,25,8,0,0,0,0,0,0,0,3.457019,7.53958015,0.0,2,4,0,0,0,0,1,0,0,0,0,0,0,0,0
12.71,100,45,-0.266,-0.046,0.22,0.1,1,78,42,8,0,0,0,0,0,0,5.5419675,3.91988,3.769790075,5,4,0,0,0,1,0,0,0,0,0,0,0,0,0
13.45,50,81.6,-0.206,0.034,0.24,0.5,1,78,42,8,0,0,0,0,0,0,5.5419675,3.91988,3.769790075,5,4,0,0,0,1,0,0,0,0,0,0,0,0,0
12.96,50,8.64,0.61536,1.03536,0.42,0.1,0.1,57,28,8,0,0,0,0,0,0,3.0672231,4.3985196,3.769790075,4,4,0,0,0,0,0,0,1,0,0,0,0,0,0
12.96,50,5.88,0.50536,1.03536,0.53,0.1,0.1,57,27,8,0,0,0,0,0,0,3.0672231,4.2716375,3.769790075,4,4,0,0,0,0,0,0,1,0,0,0,0,0,0
12.71,50,36.5,0.559,0.726,0.167,0.1,1,28,0,0,0,0,0,0,0,0,4.3985196,0,0.0,4,0,0,0,0,0,0,0,0,1,0,0,0,0,0
12.71,50,1.94,-0.306,0.074,0.38,0.1,1,46,6,0,0,0,0,0,0,0,4.4494901,6.261200806,0.0,5,4,0,0,0,0,0,1,0,0,0,0,0,0,0
12.71,50,0.47,-0.246,0.074,0.32,0.1,1,46,6,0,0,0,0,0,0,0,4.4494901,6.261200806,0.0,5,4,0,0,0,0,0,1,0,0,0,0,0,0,0
12.71,50,2.3,-0.306,0.074,0.38,0.1,1,46,26,0,0,0,0,0,1,0,4.4494901,4.02785222,0.0,5,4,0,0,0,0,0,1,0,0,0,0,0,0,0
12.71,50,1.99,-0.306,0.074,0.38,0.1,1,46,0,0,0,0,0,0,1,0,4.4494901,0,0.0,5,4,0,0,0,0,0,1,0,0,0,0,0,0,0
12.71,50,1.59,-0.306,0.074,0.38,0.1,1,46,26,6,0,0,0,0,0,0,4.4494901,4.02785222,3.130600403,5,4,0,0,0,0,0,1,0,0,0,0,0,0,0
13.79,50,6.98,-0.1824,0.0764,0.2588,1,1,46,44,0,0,0,0,0,0,0,4.4494901,4.20344125,0.0,5,5,0,0,0,0,0,0,1,0,0,0,0,0,0
13.79,50,24.51,-0.301,0.066,0.367,1,1,46,78,6,0,0,0,0,0,0,4.4494901,5.5419675,3.130600403,5,0,0,0,0,0,0,0,0,0,0,1,0,0,0
13.79,50,11.97,-0.301,0.356,0.657,1,1,46,6,0,0,0,0,0,0,0,4.4494901,6.261200806,0.0,5,0,0,0,0,0,0,0,0,0,0,1,0,0,0
13.79,50,19.45,-0.301,0.096,0.397,1,1,46,28,6,0,0,0,0,0,0,4.4494901,4.3985196,3.130600403,5,0,0,0,0,1,0,0,0,0,0,0,0,0,0
13.56,50,32.38,-0.496,0.144,0.64,0.5,0.5,78,0,0,0,0,0,1,1,0,5.5419675,0,0.0,5,5,0,0,0,1,0,0,0,0,0,0,0,0,0
13.56,50,74.1,-0.716,0.144,0.86,0.5,0.5,78,79,0,0,0,0,1,1,0,5.5419675,5.767082125,0.0,5,5,0,0,0,1,0,0,0,0,0,0,0,0,0
13.79,50,9.1,-0.1781,0.1227,0.3008,1,1,79,47,46,0,0,0,0,0,0,5.767082125,4.4403535,2.22474505,5,4,0,0,0,0,0,0,0,0,0,0,0,1,0
13.79,20,14.11,-0.28,0.09,0.37,1,1,46,44,6,0,0,0,0,0,0,4.4494901,4.20344125,3.130600403,5,3,0,0,0,0,0,0,1,0,0,0,0,0,0
13.79,20,13.96,-0.31,0.0916,0.4016,1,1,46,77,6,0,0,0,0,0,0,4.4494901,5.26569075,3.130600403,5,3,0,0,0,0,0,0,1,0,0,0,0,0,0
13.79,20,15.83,-0.25,0.167,0.417,1,1,46,6,0,0,0,0,0,0,0,4.4494901,6.261200806,0.0,5,3,0,0,0,0,0,0,1,0,0,0,0,0,0
13.79,20,29.74,-0.36,0.2,0.56,1,1,46,78,6,0,0,0,0,0,0,4.4494901,5.5419675,3.130600403,5,3,0,0,0,0,0,0,1,0,0,0,0,0,0
-0.03,50,0.32,0.591,0.891,0.3,1,0.1,78,6,0,0,0,0,0,0,0,5.5419675,6.261200806,0.0,1,4,0,0,0,0,0,0,0,1,0,0,0,0,0
-0.03,50,1.15,-0.3893,-0.0893,0.3,1,0.1,78,79,46,47,0,0,0,0,0,5.5419675,5.767082125,4.4449217999999995,1,4,0,0,0,0,0,0,0,1,0,0,0,0,0
13.98,50,0.49,-0.1493,0.2507,0.4,1,0.1,78,6,0,0,0,0,0,0,0,5.5419675,6.261200806,0.0,5,4,0,0,0,0,0,0,0,1,0,0,0,0,0
13.98,50,8.9,-0.2093,0.3407,0.55,1,0.1,78,79,46,47,0,0,0,0,0,5.5419675,5.767082125,4.4449217999999995,5,4,0,0,0,0,0,0,0,1,0,0,0,0,0
13.67,10,8.03,-0.54,-0.1765,0.3635,0.5,0.1,78,6,0,0,0,0,0,0,0,5.5419675,6.261200806,0.0,4,1,0,0,0,0,0,0,1,0,0,0,0,0,0
13.67,10,14.075,-0.54,-0.1208,0.4192,0.5,0.1,78,58,8,6,0,0,0,0,0,5.5419675,3.0553,6.900390478,4,1,0,0,0,0,0,0,1,0,0,0,0,0,0
13.79,50,79.5398,-0.101,0.11805,0.21905,1,1,46,29,77,0,0,0,0,0,0,4.4494901,4.481082,2.632845375,5,0,0,0,0,0,0,0,1,0,0,0,0,0,0
13.89,50,23.1,0.099,0.8554,0.7564,1,0.5,79,6,0,0,0,0,0,0,0,5.767082125,6.261200806,0.0,4,0,0,0,0,0,0,0,1,0,0,0,0,0,0
13.89,50,61.93,-0.001,0.922,0.923,1,0.5,79,58,8,6,0,0,0,0,0,5.767082125,3.0553,6.900390478,4,0,0,0,0,0,0,0,1,0,0,0,0,0,0
11.66,50,119.25,0.649,1.029,0.38,0.005,0.1,28,26,0,0,0,0,0,1,0,4.3985196,4.02785222,0.0,5,0,0,1,0,0,0,0,0,0,0,0,0,0,0
11.66,50,137.14,0.619,1.009,0.39,0.005,0.1,28,29,0,0,0,0,0,1,0,4.3985196,4.481082,0.0,5,0,0,1,0,0,0,0,0,0,0,0,0,0,0
11.66,50,145.32,0.609,1.019,0.41,0.005,0.1,28,29,26,0,0,0,0,0,0,4.3985196,4.481082,2.01392611,5,0,0,1,0,0,0,0,0,0,0,0,0,0,0
11.66,50,170.35,0.559,0.999,0.44,0.005,0.1,28,29,26,0,0,0,0,1,0,4.3985196,4.481082,2.01392611,5,0,0,1,0,0,0,0,0,0,0,0,0,0,0
13.45,50,50,-0.156,0.124,0.28,0.5,1,46,6,0,0,0,0,0,0,0,4.4494901,6.261200806,0.0,5,5,0,0,0,0,0,0,1,0,0,0,0,0,0
13.45,50,45,-0.156,0.144,0.3,0.5,1,79,6,0,0,0,0,0,0,0,5.767082125,6.261200806,0.0,5,5,0,0,0,0,0,0,1,0,0,0,0,0,0
13.45,50,70,-0.156,0.154,0.31,0.5,1,46,79,6,0,0,0,0,0,0,4.4494901,5.767082125,3.130600403,5,5,0,0,0,0,0,0,1,0,0,0,0,0,0
-0.32,50,0.428,0.556,0.856,0.3,2,0.5,78,50,8,6,0,0,0,0,0,5.5419675,4.2279941,6.900390478,0,6,0,0,0,0,0,0,1,0,0,0,0,0,0
-0.03,10,0.59,0.511,0.771,0.26,1,0.1,78,46,47,0,0,0,0,0,0,5.5419675,4.4494901,2.22017675,1,4,0,0,0,0,0,0,1,0,0,0,0,0,0
13.98,10,6.05,-0.0693,0.2407,0.31,1,0.1,78,47,0,0,0,0,0,0,0,5.5419675,4.4403535,0.0,5,4,0,0,0,0,0,0,1,0,0,0,0,0,0
12.83,50,20.3,-0.056,0.334,0.39,0.1,0.5,79,47,6,0,0,0,0,0,0,5.767082125,4.4403535,3.130600403,4,5,0,0,0,0,0,0,1,0,0,0,0,0,0
12.83,50,33.6,-0.376,0.084,0.46,0.1,0.5,78,79,47,6,0,0,0,0,0,5.5419675,5.767082125,5.350777152999999,4,5,0,0,0,0,0,0,1,0,0,0,0,0,0
13.79,0,352.63,-0.2296,-0.02,0.2096,1,1,46,77,6,7,0,0,0,0,0,4.4494901,5.26569075,6.746632903,5,0,0,0,0,0,1,0,0,0,0,0,0,0,0
13.56,50,26,-0.1449,0.199,0.3439,0.5,0.5,46,15,0,0,0,0,0,0,1,4.4494901,5.61664655,0.0,5,0,0,0,0,0,0,0,1,0,0,0,0,0,0
12.96,5,11,-0.46464,0.07502,0.53966,0.1,0.1,78,83,6,0,0,0,0,0,0,5.5419675,4.113939065,3.130600403,4,4,0,0,0,0,0,0,1,0,0,0,0,0,0
12.71,50,93.03,-0.30989,-0.0598900000000001,0.25,0.1,1,28,83,0,0,0,0,0,0,0,4.3985196,4.113939065,0.0,5,4,0,0,0,0,0,0,1,0,0,0,0,0,0
13.98,10,0.93,-0.0193,0.3107,0.33,1,0.1,46,6,0,0,0,0,0,0,0,4.4494901,6.261200806,0.0,5,4,0,0,0,0,0,0,1,0,0,0,0,0,0
13.98,10,3.39,-0.1693,0.2607,0.43,1,0.1,46,79,47,0,0,0,0,0,0,4.4494901,5.767082125,2.22017675,5,4,0,0,0,0,0,0,1,0,0,0,0,0,0
13.98,10,0.01,0.0107,0.6207,0.61,1,0.1,79,0,0,0,0,0,0,0,0,5.767082125,0,0.0,5,4,0,0,0,0,0,0,1,0,0,0,0,0,0
13.98,10,2,-0.0393,0.6607,0.7,1,0.1,79,47,0,0,0,0,0,0,0,5.767082125,4.4403535,0.0,5,4,0,0,0,0,0,0,1,0,0,0,0,0,0
12.83,30,9.906,-0.3,0.1878,0.4878,0.1,0.5,46,0,0,0,0,0,0,0,1,4.4494901,0,0.0,5,3,0,0,0,0,0,0,1,0,0,0,0,0,0
-0.03,50,0.43812,0.589,0.86482,0.27582,1,0.5,78,27,16,7,0,0,0,1,0,5.5419675,4.2716375,6.725311128,0,0,0,0,0,0,0,0,1,0,0,0,0,0,0
-0.32,50,54.40554,0.74129,0.93879,0.1975,2,0.5,51,8,78,6,0,0,0,0,0,4.827895095,7.53958015,5.901584153,0,4,0,0,0,0,0,0,1,0,0,0,0,0,0
-0.03,50,58.44,0.552,0.799,0.247,1,0.5,78,46,16,0,0,0,0,0,1,5.5419675,4.4494901,3.109278628,0,0,0,0,0,0,0,0,1,0,0,0,0,0,0
12.89,20,13.86,-0.2,0.045,0.245,0.1,0.3,46,6,0,0,0,0,0,0,0,4.4494901,6.261200806,0.0,5,3,0,0,0,0,0,0,1,0,0,0,0,0,0
12.89,20,25,-0.2497,0.005,0.2547,0.1,0.3,46,0,0,0,0,0,0,0,1,4.4494901,0,0.0,5,3,0,0,0,0,0,0,1,0,0,0,0,0,0
-0.32,20,3.56074,0.664,0.829,0.165,2,0.5,78,6,0,0,0,0,0,0,0,5.5419675,6.261200806,0.0,0,0,0,0,0,1,0,0,0,0,0,0,0,0,0
-0.32,20,3.8785,0.547,0.829,0.282,2,0.5,78,29,6,0,0,0,0,0,0,5.5419675,4.481082,3.130600403,0,0,0,0,0,1,0,0,0,0,0,0,0,0,0
12.96,0,28,0.23536,0.45536,0.22,0.1,0.1,79,0,0,0,0,0,0,0,0,5.767082125,0,0.0,4,4,0,0,0,1,0,0,0,0,0,0,0,0,0
13.79,50,4.43,-0.30112,-0.1928,0.10832,1,1,46,7,0,0,1,0,0,0,0,4.4494901,7.232065,0.0,5,1,0,0,0,0,0,0,1,0,0,0,0,0,0
13.79,50,8.55,-0.403889,-0.1872223,0.2166667,1,1,46,5,7,0,1,0,0,0,0,4.4494901,4.288871125,3.6160325,5,1,0,0,0,0,0,0,1,0,0,0,0,0,0
12.71,50,13.6,-0.20178,0.03536,0.23714,0.1,1,46,78,27,0,0,0,0,0,0,4.4494901,5.5419675,2.13581875,5,4,0,0,0,0,0,0,1,0,0,0,0,0,0
13.79,20,8.72,-0.226,0.02572,0.25172,1,1,28,26,46,6,0,0,0,0,0,4.3985196,4.02785222,5.355345453,5,4,0,0,0,0,0,0,1,0,0,0,0,0,0
13.56,50,1.7281,-0.32902,-0.03634,0.29268,0.5,0.5,78,0,0,0,0,0,0,0,1,5.5419675,0,0.0,5,4,0,0,0,0,0,0,1,0,0,0,0,0,0
13.44,50,17.5,-0.20004,0.04996,0.25,0.3,0.1,46,28,50,0,0,0,0,0,0,4.4494901,4.3985196,2.11399705,5,4,0,0,0,0,0,0,1,0,0,0,0,0,0
-0.03,50,17.6,-0.3271,0.000599999999999989,0.3277,1,1,78,77,0,0,0,0,0,0,0,5.5419675,5.26569075,0.0,1,5,0,0,0,0,0,0,1,0,0,0,0,0,0
13.79,50,13.6,-0.17601,0.0733900000000001,0.2494,1,1,46,29,46,6,0,0,0,0,0,4.4494901,4.481082,5.355345453,5,4,0,0,0,0,0,0,1,0,0,0,0,0,0
13.79,50,10.27,-0.17601,0.0863900000000001,0.2624,1,1,46,78,6,0,0,0,0,0,0,4.4494901,5.5419675,3.130600403,5,4,0,0,0,0,0,0,1,0,0,0,0,0,0
13.79,50,7.1461,-0.16661,0.10039,0.267,1,1,46,47,6,0,0,0,0,0,0,4.4494901,4.4403535,3.130600403,5,4,0,0,0,0,0,0,1,0,0,0,0,0,0
13.62,10,219.66,-0.20358,0.22642,0.43,1,2,46,0,0,0,0,0,0,0,0,4.4494901,0,0.0,4,4,0,0,0,0,0,0,0,0,0,1,0,0,0
13.62,10,314.89,-0.20358,0.28642,0.49,1,2,46,28,0,0,0,0,0,0,0,4.4494901,4.3985196,0.0,4,4,0,0,0,0,0,0,0,0,0,1,0,0,0
11.86,10,8.88,0.6669,0.9347,0.2678,0.008,0.1,28,8,1,0,0,0,0,0,0,4.3985196,7.53958015,3.5882771499255,4,5,0,1,0,0,0,0,0,0,0,0,0,0,0
13.79,50,2.832,-0.356,0.07665,0.43265,1,1,46,7,15,0,0,0,0,0,0,4.4494901,7.232065,2.808323275,5,5,0,0,0,0,0,0,1,0,0,0,0,0,0
13.67,10,21.8205,-0.40653,0.03227,0.4388,0.5,0.1,78,6,0,0,0,0,0,0,0,5.5419675,6.261200806,0.0,4,4,0,0,0,0,0,0,1,0,0,0,0,0,0
13.67,10,13.16544,-0.45653,0.06347,0.52,0.5,0.1,78,26,6,0,0,0,0,0,0,5.5419675,4.02785222,3.130600403,4,4,0,0,0,0,0,0,1,0,0,0,0,0,0
13.56,50,76.67,-0.101,0.31288,0.41388,0.5,0.5,46,7,15,0,0,0,0,0,1,4.4494901,7.232065,2.808323275,5,0,0,0,0,0,0,0,1,0,0,0,0,0,0
13.56,50,48.67,-0.151,0.268,0.419,0.5,0.5,46,0,0,0,0,0,0,0,1,4.4494901,0,0.0,5,0,0,0,0,0,0,0,1,0,0,0,0,0,0
13.56,50,69.33,-0.151,0.299,0.45,0.5,0.5,46,15,0,0,0,0,0,0,1,4.4494901,5.61664655,0.0,5,0,0,0,0,0,0,0,1,0,0,0,0,0,0
13.56,50,60,-0.151,0.299,0.45,0.5,0.5,46,7,0,0,0,0,0,0,1,4.4494901,7.232065,0.0,5,0,0,0,0,0,0,0,1,0,0,0,0,0,0
12.71,50,3,0.61011,0,-0.61011,0.1,1,28,8,0,0,0,1,0,0,0,4.3985196,7.53958015,0.0,4,4,0,0,0,0,0,0,1,0,0,0,0,0,0
13.45,20,11.45,-0.64,-0.15,0.49,0.5,1,47,0,0,0,0,0,0,0,0,4.4403535,0,0.0,4,1,0,0,0,0,0,0,0,0,0,0,1,0,0
13.45,50,44,-0.156,-0.0417,0.1143,0.5,1,46,28,0,0,0,0,0,1,0,4.4494901,4.3985196,0.0,4,5,0,0,0,0,0,0,1,0,0,0,0,0,0
13.45,50,62,-0.266,-0.0453,0.2207,0.5,1,78,46,0,0,0,0,0,1,0,5.5419675,4.4494901,0.0,4,5,0,0,0,0,0,0,1,0,0,0,0,0,0
13.45,50,43.6,-0.2274,0.0297,0.2571,0.5,1,78,28,0,0,0,0,0,1,0,5.5419675,4.3985196,0.0,4,5,0,0,0,0,0,0,1,0,0,0,0,0,0
13.45,50,105.2,-0.2667,0.1011,0.3678,0.5,1,78,46,28,0,0,0,0,1,0,5.5419675,4.4494901,2.1992598,4,5,0,0,0,0,0,0,1,0,0,0,0,0,0
13.79,10,0,-0.401,0,0.401,1,1,46,79,6,0,0,0,0,0,0,4.4494901,5.767082125,3.130600403,5,0,0,1,0,0,0,0,0,0,0,0,0,0,0
13.79,10,0,-0.431,0,0.431,1,1,79,6,0,0,0,0,0,0,0,5.767082125,6.261200806,0.0,5,0,0,1,0,0,0,0,0,0,0,0,0,0,0
13.79,10,0,-0.451,0,0.451,1,1,46,6,0,0,0,0,0,0,0,4.4494901,6.261200806,0.0,5,0,0,1,0,0,0,0,0,0,0,0,0,0,0
13.79,5,0,-0.011,0,0.011,1,1,79,6,0,0,0,0,0,0,0,5.767082125,6.261200806,0.0,5,5,0,0,0,0,0,0,0,1,0,0,0,0,0
13.79,5,0,-0.167,0,0.167,1,1,79,12,8,6,0,0,0,0,0,5.767082125,3.613118,6.900390478,5,5,0,0,0,0,0,0,0,1,0,0,0,0,0
13.79,5,0,-0.182,0,0.182,1,1,79,27,8,6,0,0,0,0,0,5.767082125,4.2716375,6.900390478,5,5,0,0,0,0,0,0,0,1,0,0,0,0,0
13.79,5,0,-0.202,0,0.202,1,1,79,28,8,6,0,0,0,0,0,5.767082125,4.3985196,6.900390478,5,5,0,0,0,0,0,0,0,1,0,0,0,0,0
13.79,5,0,-0.226,0,0.226,1,1,79,25,8,6,0,0,0,0,0,5.767082125,3.457019,6.900390478,5,5,0,0,0,0,0,0,0,1,0,0,0,0,0
12.83,20,5.38,-0.131,0.026,0.157,0.1,0.5,46,22,8,0,0,0,1,0,0,4.4494901,3.4518325,3.769790075,5,2,0,0,0,0,0,0,0,1,0,0,0,0,0
12.71,50,4.63,-0.136,0.069,0.205,0.1,1,46,78,0,0,0,0,0,0,0,4.4494901,5.5419675,0.0,5,0,0,0,0,0,0,0,1,0,0,0,0,0,0
14.15,50,404,-0.115,0.064,0.179,2,1,46,25,8,0,0,1,1,0,0,4.4494901,3.457019,3.769790075,5,5,0,0,0,0,0,0,1,0,0,0,0,0,0
12.83,50,27.3,-0.106,0.116,0.222,0.1,0.5,78,6,0,0,0,0,0,0,0,5.5419675,6.261200806,0.0,4,5,0,0,0,0,0,0,1,0,0,0,0,0,0
12.83,50,35.5,-0.204,0.14,0.344,0.1,0.5,46,47,6,0,0,0,0,0,0,4.4494901,4.4403535,3.130600403,4,5,0,0,0,0,0,0,1,0,0,0,0,0,0
13.79,10,17.4,-0.327,-0.087,0.24,1,1,78,6,0,0,0,0,0,0,0,5.5419675,6.261200806,0.0,5,5,0,0,0,0,0,0,0,1,0,0,0,0,0
13.79,10,20.3,-0.161,0.088,0.249,1,1,46,6,0,0,0,0,0,0,0,4.4494901,6.261200806,0.0,5,5,0,0,0,0,0,0,0,1,0,0,0,0,0
13.79,10,74.4,-0.3,0.021,0.321,1,1,46,79,0,0,0,0,0,0,0,4.4494901,5.767082125,0.0,5,5,0,0,0,0,0,0,0,1,0,0,0,0,0
13.79,10,25.4,-0.157,0.216,0.373,1,1,79,6,0,0,0,0,0,0,0,5.767082125,6.261200806,0.0,5,5,0,0,0,0,0,0,0,1,0,0,0,0,0
13.79,10,96.3,-0.46,0.089,0.549,1,1,78,79,6,0,0,0,0,0,0,5.5419675,5.767082125,3.130600403,5,5,0,0,0,0,0,0,0,1,0,0,0,0,0
0.85,50,2.021,0.544,0.639,0.095,0.1,0.1,78,45,6,0,0,0,0,0,0,5.5419675,4.300896,3.130600403,1,5,0,0,0,0,0,0,1,0,0,0,0,0,0
0.85,50,1.799,0.544,0.68,0.136,0.1,0.1,78,6,0,0,0,0,0,0,0,5.5419675,6.261200806,0.0,1,5,0,0,0,0,0,0,1,0,0,0,0,0,0
0.85,50,1.577,0.344,0.58,0.236,0.1,0.1,78,44,6,0,0,0,0,0,0,5.5419675,4.20344125,3.130600403,1,5,0,0,0,0,0,0,1,0,0,0,0,0,0
13.79,50,930.6748,-0.345,0.107,0.452,1,1,78,47,6,0,0,0,0,0,0,5.5419675,4.4403535,3.130600403,4,5,0,0,0,0,0,0,1,0,0,0,0,0,0
12.71,5,23.054,-0.38589,0.0771099999999999,0.463,0.1,1,78,83,6,0,0,0,0,0,0,5.5419675,4.113939065,3.130600403,4,4,0,0,0,0,0,1,0,0,0,0,0,0,0
12.83,50,19.6,-0.285,0.064,0.349,0.1,0.5,78,0,0,0,0,0,0,1,0,5.5419675,0,0.0,4,5,0,0,0,0,0,0,1,0,0,0,0,0,0
12.83,50,45.1,-0.208,0.414,0.622,0.1,0.5,79,0,0,0,0,0,0,1,0,5.767082125,0,0.0,4,5,0,0,0,0,0,0,1,0,0,0,0,0,0
13.56,50,55.28,-0.2162,0.228,0.4442,0.5,0.5,46,79,0,0,0,0,0,0,0,4.4494901,5.767082125,0.0,4,0,0,0,0,0,0,0,1,0,0,0,0,0,0
12.71,10,182.6,-0.183,0.038,0.221,0.1,1,46,42,6,0,0,0,0,0,0,4.4494901,3.91988,3.130600403,5,0,0,0,0,0,0,0,1,0,0,0,0,0,0
12.71,50,35.132,-0.58,-0.088,0.492,0.1,1,46,47,0,0,0,0,0,0,1,4.4494901,4.4403535,0.0,5,1,0,0,0,0,0,0,1,0,0,0,0,0,0
12.71,50,11.866,-0.49,-0.137,0.353,0.1,1,46,0,0,0,0,0,0,0,1,4.4494901,0,0.0,5,1,0,0,0,0,0,0,1,0,0,0,0,0,0
13.33,50,15.8,-0.35,0.08,0.43,0.5603,1.96,46,6,1,8,0,0,0,0,0,4.4494901,6.261200806,7.358067224925501,5,3,0,0,0,0,0,0,1,0,0,0,0,0,0
13.98,50,97.76,-0.37482,0.06518,0.44,1,0.1,78,29,6,0,0,0,0,0,0,5.5419675,4.481082,3.130600403,4,4,0,0,0,0,0,0,1,0,0,0,0,0,0
13.5,50,14.629,-0.176,0.064,0.24,0.5603,1,46,29,0,0,0,0,0,0,0,4.4494901,4.481082,0.0,5,5,0,0,0,0,0,0,0,0,1,0,0,0,0
13.5,50,20.966,-0.336,-0.00600000000000001,0.33,0.5603,1,78,0,0,0,0,0,0,0,0,5.5419675,0,0.0,5,5,0,0,0,0,0,0,0,0,1,0,0,0,0
13.5,50,61.852,-0.296,0.074,0.37,0.5603,1,78,46,29,0,0,0,0,0,0,5.5419675,4.4494901,2.240541,5,5,0,0,0,0,0,0,0,0,1,0,0,0,0
12.83,50,0,0,0,0,0.1,0.5,47,0,0,0,0,0,0,1,0,4.4403535,0,0.0,4,5,0,0,0,0,0,0,1,0,0,0,0,0,0
12.83,50,45.7,0.121,0.414,0.293,0.1,0.5,79,47,0,0,0,0,0,1,0,5.767082125,4.4403535,0.0,4,5,0,0,0,0,0,0,1,0,0,0,0,0,0
12.83,50,50.1,0.121,0.424,0.303,0.1,0.5,79,0,0,0,0,0,0,1,0,5.767082125,0,0.0,4,5,0,0,0,0,0,0,1,0,0,0,0,0,0
12.71,10,31.824,-0.19489,0.0681099999999999,0.263,0.1,1,46,83,6,0,0,0,0,0,0,4.4494901,4.113939065,3.130600403,4,4,0,0,0,0,0,0,1,0,0,0,0,0,0
12.71,10,31.673,-0.41089,0.01111,0.422,0.1,1,78,83,6,0,0,0,0,0,0,5.5419675,4.113939065,3.130600403,4,4,0,0,0,0,0,0,1,0,0,0,0,0,0
12.71,10,38.465,-0.41089,0.0761099999999999,0.487,0.1,1,46,78,83,6,0,0,0,0,0,4.4494901,5.5419675,5.1875699355,4,4,0,0,0,0,0,0,1,0,0,0,0,0,0
13.56,50,63.796,-0.24004,0.26196,0.502,0.5,0.5,46,82,0,0,0,0,0,0,0,4.4494901,3.88670055,0.0,5,4,0,0,0,0,0,0,1,0,0,0,0,0,0
13.56,50,53.231,-0.29004,0.22396,0.514,0.5,0.5,46,26,0,0,0,0,0,0,0,4.4494901,4.02785222,0.0,5,4,0,0,0,0,0,0,1,0,0,0,0,0,0
13.56,50,105.66,-0.27004,0.26296,0.533,0.5,0.5,46,26,82,0,0,0,0,0,0,4.4494901,4.02785222,1.943350275,5,4,0,0,0,0,0,0,1,0,0,0,0,0,0
13.79,20,7,0.214,0.417,0.203,1,1,79,58,8,0,0,0,0,0,1,5.767082125,3.0553,3.769790075,5,5,0,0,0,0,0,0,1,0,0,0,0,0,0
13.79,20,27.9,0.214,0.422,0.208,1,1,79,0,0,0,0,0,1,0,1,5.767082125,0,0.0,5,5,0,0,0,0,0,0,1,0,0,0,0,0,0
13.79,20,59.2,-0.186,0.451,0.637,1,1,79,58,8,0,0,0,1,0,1,5.767082125,3.0553,3.769790075,5,5,0,0,0,0,0,0,1,0,0,0,0,0,0
13.27,50,21.6215,-0.18293,0.21707,0.4,0.2,0.1,46,14,8,0,0,0,0,0,0,4.4494901,4.77060064,3.769790075,5,4,0,0,0,0,0,0,1,0,0,0,0,0,0
13.27,50,16.926,-0.18293,0.24307,0.426,0.2,0.1,46,0,0,0,0,0,0,0,0,4.4494901,0,0.0,5,4,0,0,0,0,0,0,1,0,0,0,0,0,0
0.24,50,60.934,0.656,0.877,0.221,0.5,0.5,78,31,0,0,0,0,0,0,0,5.5419675,3.15025155,0.0,0,0,0,0,0,0,0,0,0,0,0,0,0,1,0
12.96,50,120,-0.16464,0.43536,0.6,0.1,0.1,79,6,0,0,0,0,0,0,0,5.767082125,6.261200806,0.0,4,4,0,0,0,0,0,1,0,0,0,0,0,0,0
12.96,20,37.6,-0.506,0.301,0.807,0.1,0.1,79,6,0,0,0,0,0,0,0,5.767082125,6.261200806,0.0,5,1,0,0,0,0,0,0,1,0,0,0,0,0,0
12.96,20,32.6,-0.565,0.256,0.821,0.1,0.1,79,28,6,0,0,0,0,0,0,5.767082125,4.3985196,3.130600403,5,1,0,0,0,0,0,0,1,0,0,0,0,0,0
13.56,50,0,-0.396,0.194,0.59,0.5,0.5,78,0,0,0,0,0,1,0,1,5.5419675,0,0.0,5,5,0,0,0,0,0,0,0,1,0,0,0,0,0
13.56,50,0,-0.496,0.183,0.679,0.5,0.5,78,50,0,0,0,0,1,0,1,5.5419675,4.2279941,0.0,5,5,0,0,0,0,0,0,0,1,0,0,0,0,0
0,100,0.027,0.327,0.39,0.063,0.00125,0.05,78,0,0,0,0,0,0,0,1,5.5419675,0,0.0,3,4,0,0,0,0,0,0,1,0,0,0,0,0,0
0,100,0.024,0.327,0.4,0.073,0.00125,0.05,78,0,0,0,0,0,0,0,0,5.5419675,0,0.0,3,4,0,0,0,0,0,0,0,0,0,0,0,1,0
11.06,100,3.882,-0.65854,-0.57054,0.088,0.00125,0.1,46,0,0,0,0,0,0,0,1,4.4494901,0,0.0,5,4,0,0,0,0,0,0,1,0,0,0,0,0,0
11.06,100,5.356,-0.69354,-0.57354,0.12,0.00125,0.1,46,0,0,0,0,0,0,0,0,4.4494901,0,0.0,5,4,0,0,0,0,0,0,0,0,0,0,0,1,0
11.06,100,4.628,-0.56554,-0.40854,0.157,0.00125,0.1,79,0,0,0,0,0,0,0,0,5.767082125,0,0.0,5,4,0,0,0,0,0,0,0,0,0,0,0,1,0
11.06,100,7.262,-0.97854,-0.64154,0.337,0.00125,0.1,78,0,0,0,0,0,0,0,0,5.5419675,0,0.0,5,4,0,0,0,0,0,0,0,0,0,0,0,1,0
2.61,100,0.031,0.30101,0.68601,0.385,0.00125,0.1,78,0,0,0,0,0,0,0,0,5.5419675,0,0.0,1,4,0,0,0,0,0,0,0,0,0,0,0,1,0
11.06,100,8.247,-0.94954,-0.52854,0.421,0.00125,0.1,78,0,0,0,0,0,0,0,1,5.5419675,0,0.0,5,4,0,0,0,0,0,0,1,0,0,0,0,0,0
11.06,100,8.967,-0.63954,-0.20154,0.438,0.00125,0.1,79,0,0,0,0,0,0,0,1,5.767082125,0,0.0,5,4,0,0,0,0,0,0,1,0,0,0,0,0,0
12.96,50,2.85714285714286,-0.16464,0.43436,0.599,0.1,0.1,79,47,6,0,0,0,0,0,0,5.767082125,4.4403535,3.130600403,4,4,0,0,0,0,0,1,0,0,0,0,0,0,0
12.96,50,24.4897959183673,-0.06464,0.69136,0.756,0.1,0.1,79,6,0,0,0,0,0,0,0,5.767082125,6.261200806,0.0,4,4,0,0,0,0,0,1,0,0,0,0,0,0,0
12.96,5,2.71,-0.151,0.047,0.198,0.1,0.1,46,0,6,0,0,0,1,0,0,4.4494901,0,3.130600403,4,5,0,0,0,1,0,0,0,0,0,0,0,0,0
12.96,5,1,-0.106,0.098,0.204,0.1,0.1,46,44,6,0,0,0,0,0,0,4.4494901,4.20344125,3.130600403,4,5,0,0,0,1,0,0,0,0,0,0,0,0,0
12.96,5,4.6,-0.194,0.065,0.259,0.1,0.1,46,44,0,6,0,0,1,0,0,4.4494901,4.20344125,3.130600403,4,5,0,0,0,1,0,0,0,0,0,0,0,0,0
13.79,10,0,-0.166,0.175,0.341,1,1,46,6,0,0,0,0,0,0,0,4.4494901,6.261200806,0.0,5,5,0,0,0,0,0,0,1,0,0,0,0,0,0
13.79,10,0,-0.246,0.43,0.676,1,1,46,41,6,0,0,0,0,0,0,4.4494901,3.8381285,3.130600403,5,5,0,0,0,0,0,0,1,0,0,0,0,0,0
13.67,50,9.3748,-0.061,0.353,0.414,0.5,0.1,46,6,0,0,0,0,0,0,0,4.4494901,6.261200806,0.0,5,0,0,0,0,0,0,0,1,0,0,0,0,0,0
13.67,50,10.5976,-0.121,0.371,0.492,0.5,0.1,46,34,6,0,0,0,0,0,0,4.4494901,5.886498356,3.130600403,5,0,0,0,0,0,0,0,1,0,0,0,0,0,0
13.67,50,8.2766,-0.181,0.32,0.501,0.5,0.1,46,79,15,34,0,0,0,0,0,4.4494901,5.767082125,5.751572453,5,0,0,0,0,0,0,0,1,0,0,0,0,0,0
13.67,50,12.228,-0.131,0.377,0.508,0.5,0.1,46,15,34,6,0,0,0,0,0,4.4494901,5.61664655,6.073849580999999,5,0,0,0,0,0,0,0,1,0,0,0,0,0,0
14.29,50,36.6165,-0.32,0.281,0.601,2,0.1,79,6,0,0,0,0,0,0,0,5.767082125,6.261200806,0.0,5,1,0,0,0,0,0,0,1,0,0,0,0,0,0
14.29,50,43.218,-0.42,0.242,0.662,2,0.1,22,8,79,6,0,0,0,0,0,3.4518325,7.53958015,6.0141414655,5,1,0,0,0,0,0,0,1,0,0,0,0,0,0
13.79,50,142.1164,-0.135,-0.126,0.00900000000000001,1,1,79,6,0,0,0,0,0,0,0,5.767082125,6.261200806,0.0,5,5,0,0,0,0,0,0,1,0,0,0,0,0,0
13.79,50,35.9844,-0.058,0.034,0.092,1,1,79,0,0,0,0,0,0,0,0,5.767082125,0,0.0,5,5,0,0,0,0,0,0,1,0,0,0,0,0,0
13.98,50,3.22,-0.284,0.114,0.398,1,0.1,78,28,0,0,1,0,0,0,0,5.5419675,4.3985196,0.0,5,5,0,0,0,0,0,0,1,0,0,0,0,0,0
13.98,50,2.25,-0.259,0.214,0.473,1,0.1,78,0,0,0,1,0,0,0,0,5.5419675,0,0.0,5,5,0,0,0,0,0,0,1,0,0,0,0,0,0
13.98,50,3.19,-0.343,0.144,0.487,1,0.1,78,44,0,0,1,0,0,0,0,5.5419675,4.20344125,0.0,5,5,0,0,0,0,0,0,1,0,0,0,0,0,0
13.98,50,40.5,-0.466,0.084,0.55,1,0.1,78,45,0,0,1,0,0,0,0,5.5419675,4.300896,0.0,5,5,0,0,0,0,0,0,1,0,0,0,0,0,0
13.98,50,4.83,-0.376,0.184,0.56,1,0.1,78,44,28,0,1,0,0,0,0,5.5419675,4.20344125,2.1992598,5,5,0,0,0,0,0,0,1,0,0,0,0,0,0
13.98,50,56.2,-0.475,0.094,0.569,1,0.1,78,45,28,0,1,0,0,0,0,5.5419675,4.300896,2.1992598,5,5,0,0,0,0,0,0,1,0,0,0,0,0,0
13.79,50,8.38756,-0.046,0.156,0.202,1,1,46,6,0,0,0,0,0,0,0,4.4494901,6.261200806,0.0,5,5,0,0,0,0,0,0,1,0,0,0,0,0,0
13.79,50,20.433,-0.093,0.225,0.318,1,1,78,6,0,0,0,0,0,0,0,5.5419675,6.261200806,0.0,5,5,0,0,0,0,0,0,1,0,0,0,0,0,0
13.79,50,67.373,-0.123,0.205,0.328,1,1,46,79,6,0,0,0,0,0,0,4.4494901,5.767082125,3.130600403,5,5,0,0,0,0,0,0,1,0,0,0,0,0,0
13.79,50,156.931,-0.125,0.208,0.333,1,1,78,79,6,0,0,0,0,0,0,5.5419675,5.767082125,3.130600403,5,5,0,0,0,0,0,0,1,0,0,0,0,0,0
13.79,50,113.782857142857,-0.34561,0.0863900000000001,0.432,1,1,78,50,0,0,0,0,0,0,0,5.5419675,4.2279941,0.0,5,4,0,0,0,0,0,0,1,0,0,0,0,0,0
13.79,50,61.58565,-0.42361,-0.0096099999999999,0.414,1,1,78,29,6,0,0,0,0,0,0,5.5419675,4.481082,3.130600403,5,4,0,0,0,0,0,0,1,0,0,0,0,0,0
13.79,50,68.8218,-0.45361,-0.0096099999999999,0.444,1,1,78,27,6,0,0,0,0,0,0,5.5419675,4.2716375,3.130600403,5,4,0,0,0,0,0,0,1,0,0,0,0,0,0
13.79,50,100.31715,-0.48361,-0.0096099999999999,0.474,1,1,78,27,29,6,0,0,0,0,0,5.5419675,4.2716375,5.371141402999999,5,4,0,0,0,0,0,0,1,0,0,0,0,0,0
13.79,50,88.8,-0.35,0.095,0.445,1,1,46,0,0,0,0,0,0,0,0,4.4494901,0,0.0,5,3,1,0,0,0,0,0,0,0,0,0,0,0,0
13.79,50,115.2,-0.37,0.095,0.465,1,1,46,27,0,0,0,0,0,0,0,4.4494901,4.2716375,0.0,5,3,1,0,0,0,0,0,0,0,0,0,0,0,0
13.98,50,87.45,-0.257,0.074,0.331,1,0.1,78,58,8,0,1,0,0,0,0,5.5419675,3.0553,3.769790075,5,5,0,0,0,0,0,0,1,0,0,0,0,0,0
13.79,10,315.8256,-0.62961,0.0943900000000001,0.724,1,1,78,47,25,8,0,0,0,0,0,5.5419675,4.4403535,5.498299575,5,4,0,0,0,0,0,0,1,0,0,0,0,0,0
13.79,10,233.7525,-0.63761,0.19439,0.832,1,1,78,47,6,0,0,0,0,0,0,5.5419675,4.4403535,3.130600403,5,4,0,0,0,0,0,0,1,0,0,0,0,0,0
13.56,50,21.5142857142857,-0.216,0.124,0.34,0.5,0.5,46,0,0,0,0,0,0,1,0,4.4494901,0,0.0,5,5,0,0,0,0,0,0,1,0,0,0,0,0,0
13.62,10,0,-0.171,0.097,0.268,1,2,79,47,6,0,0,0,0,0,0,5.767082125,4.4403535,3.130600403,5,1,0,0,0,0,0,0,1,0,0,0,0,0,0
13.62,10,0,-0.22,0.097,0.317,1,2,79,47,46,6,0,0,0,0,0,5.767082125,4.4403535,5.355345453,5,1,0,0,0,0,0,0,1,0,0,0,0,0,0
12.96,1,1,0.61836,0,-0.61836,0.1,0.1,26,27,8,0,0,0,0,0,0,4.02785222,4.2716375,3.769790075,5,4,0,0,0,1,0,0,0,0,0,0,0,0,0
12.96,1,1,0.60736,0,-0.60736,0.1,0.1,25,27,8,0,0,0,0,0,0,3.457019,4.2716375,3.769790075,5,4,0,0,0,1,0,0,0,0,0,0,0,0,0
12.96,1,1,0.55736,0,-0.55736,0.1,0.1,30,27,8,0,0,0,0,0,0,4.3870985,4.2716375,3.769790075,5,4,0,0,0,1,0,0,0,0,0,0,0,0,0
12.96,1,1,0.46536,0,-0.46536,0.1,0.1,27,27,8,0,0,0,0,0,0,4.2716375,4.2716375,3.769790075,5,4,0,0,0,1,0,0,0,0,0,0,0,0,0
12.96,1,1,0.41836,0,-0.41836,0.1,0.1,28,27,8,0,0,0,0,0,0,4.3985196,4.2716375,3.769790075,5,4,0,0,0,1,0,0,0,0,0,0,0,0,0
12.96,1,1,0.38436,0,-0.38436,0.1,0.1,29,27,8,0,0,0,0,0,0,4.481082,4.2716375,3.769790075,5,4,0,0,0,1,0,0,0,0,0,0,0,0,0
13.44,50,12.5,-0.31296,0.0330400000000001,0.346,0.3,0.1,46,0,0,0,0,0,0,0,0,4.4494901,0,0.0,5,4,0,0,0,0,0,0,1,0,0,0,0,0,0
13.44,50,21.5,-0.39296,-0.0409599999999999,0.352,0.3,0.1,27,8,46,0,0,0,0,0,0,4.2716375,7.53958015,2.22474505,5,4,0,0,0,0,0,0,1,0,0,0,0,0,0
12.71,10,10,0.38011,0,-0.38011,0.1,1,28,27,8,0,0,0,0,0,0,4.3985196,4.2716375,3.769790075,5,4,0,0,0,0,0,0,0,0,0,1,0,0,0
12.71,10,10,0.51011,0,-0.51011,0.1,1,27,8,0,0,0,0,0,0,0,4.2716375,7.53958015,0.0,5,4,0,0,0,0,0,0,0,0,0,1,0,0,0
12.71,10,10,0.57011,0,-0.57011,0.1,1,28,8,0,0,0,0,0,0,0,4.3985196,7.53958015,0.0,5,4,0,0,0,0,0,0,0,0,0,1,0,0,0
-0.03,50,3,0.772,0.923,0.151,1,1,78,0,0,0,1,0,0,0,0,5.5419675,0,0.0,0,5,1,0,0,0,0,0,0,0,0,0,0,0,0
13.56,50,50.64,-0.057,0.138,0.195,0.5,0.5,79,46,0,0,0,0,0,0,0,5.767082125,4.4494901,0.0,5,5,0,0,0,0,0,0,1,0,0,0,0,0,0
13.79,50,0,-0.188,0.149,0.337,1,1,78,29,0,0,0,0,0,0,0,5.5419675,4.481082,0.0,5,5,0,0,0,0,0,0,1,0,0,0,0,0,0
13.79,30,0,-0.184,0.1824,0.3664,1,1,46,28,0,0,0,0,0,0,0,4.4494901,4.3985196,0.0,5,5,1,0,0,0,0,0,0,0,0,0,0,0,0
13.56,50,134.978,-0.33604,0.20796,0.544,0.5,0.5,78,29,0,0,0,0,0,0,0,5.5419675,4.481082,0.0,5,4,0,0,0,0,0,0,1,0,0,0,0,0,0
13.79,50,24.413,-0.634,-0.18,0.454,1,1,73,6,9,8,0,0,0,0,0,3.9363455,6.261200806,8.975792531,5,1,0,0,0,0,0,0,1,0,0,0,0,0,0
-0.03,20,0,0.25177,1.00377,0.752,1,0.5,78,44,50,8,0,0,0,0,0,5.5419675,4.20344125,5.883787125,0,4,0,0,0,0,0,0,0,0,0,0,0,0,1
13.79,50,93.1789669,-0.199,0.112,0.311,1,1,78,46,6,7,0,0,0,0,0,5.5419675,4.4494901,6.746632903,4,5,0,0,0,0,0,0,1,0,0,0,0,0,0
13.79,50,57.2,-0.162,0.138,0.3,1,1,78,26,0,0,0,0,0,0,0,5.5419675,4.02785222,0.0,5,5,0,0,0,0,0,0,1,0,0,0,0,0,0
13.56,50,96,-0.25404,0.10396,0.358,0.5,0.5,78,29,0,0,0,0,0,0,0,5.5419675,4.481082,0.0,5,4,0,0,0,0,0,0,1,0,0,0,0,0,0
12.83,50,8.4,-0.455,-0.172,0.283,0.1,0.5,46,26,6,0,0,0,0,0,0,4.4494901,4.02785222,3.130600403,5,1,0,0,0,0,0,0,1,0,0,0,0,0,0
13.56,50,74.262,-0.20104,0.21896,0.42,0.5,0.5,78,46,0,0,0,0,0,1,0,5.5419675,4.4494901,0.0,5,4,0,0,0,0,0,0,1,0,0,0,0,0,0
13.56,50,0,-0.221,0.219,0.44,0.5,0.5,78,29,0,0,0,0,0,0,0,5.5419675,4.481082,0.0,4,0,0,0,0,0,0,0,1,0,0,0,0,0,0
13.56,25,20.36,-0.281,0.11,0.391,0.5,0.5,26,27,26,46,0,0,0,0,0,4.02785222,4.2716375,4.23867116,5,0,0,0,0,0,0,0,1,0,0,0,0,0,0
13.56,50,0,-0.272,0.011,0.283,0.5,0.5,78,46,28,0,0,0,0,0,0,5.5419675,4.4494901,2.1992598,5,0,0,0,0,0,0,1,0,0,0,0,0,0,0
13.56,50,59.57,-0.301,-0.082,0.219,0.5,0.5,78,15,0,0,0,0,0,0,1,5.5419675,5.61664655,0.0,5,0,0,0,0,0,0,0,1,0,0,0,0,0,0
14.66,50,1.613,-0.241,0.18,0.421,5,0.5,46,0,0,0,0,0,0,0,0,4.4494901,0,0.0,5,0,0,0,0,0,1,0,0,0,0,0,0,0,0
13.45,20,41.435761589404,-0.28,0.093,0.373,0.5,1,46,26,8,6,0,0,0,0,0,4.4494901,4.02785222,6.900390478,5,6,0,0,0,0,0,0,1,0,0,0,0,0,0
13.79,50,0,-0.203,0.131,0.334,1,1,79,47,0,0,0,0,0,0,0,5.767082125,4.4403535,0.0,5,5,0,0,0,0,0,0,1,0,0,0,0,0,0
13.79,50,0,-0.213,0.159,0.372,1,1,46,47,0,0,0,0,0,0,0,4.4494901,4.4403535,0.0,5,5,0,0,0,0,0,0,1,0,0,0,0,0,0
13.79,50,0,-0.224,0.172,0.396,1,1,46,79,47,0,0,0,0,0,0,4.4494901,5.767082125,2.22017675,5,5,0,0,0,0,0,0,1,0,0,0,0,0,0
13.56,50,163.555,-0.29004,0.18996,0.48,0.5,0.5,78,27,0,0,0,0,0,0,0,5.5419675,4.2716375,0.0,5,4,0,0,0,0,0,0,1,0,0,0,0,0,0
13.79,50,0,-0.356,0.036,0.392,1,1,78,0,0,0,0,0,0,0,1,5.5419675,0,0.0,5,5,0,0,0,0,0,0,1,0,0,0,0,0,0
13.79,50,0,-0.476,0.105,0.581,1,1,78,47,6,0,0,0,0,0,0,5.5419675,4.4403535,3.130600403,5,5,0,0,0,0,0,0,1,0,0,0,0,0,0
12.89,20,42.144,-0.16,0.18,0.34,0.1,0.3,46,0,0,0,0,0,0,0,0,4.4494901,0,0.0,5,3,0,0,0,1,0,0,0,0,0,0,0,0,0
12.89,20,204.605,-0.29,0.314,0.604,0.1,0.3,78,0,0,0,0,0,0,0,0,5.5419675,0,0.0,5,3,0,0,0,1,0,0,0,0,0,0,0,0,0
12.96,50,27.7,-0.23464,0.0343600000000001,0.269,0.1,0.1,45,29,0,0,0,0,0,0,0,4.300896,4.481082,0.0,5,4,0,1,0,0,0,0,0,0,0,0,0,0,0
13.79,50,0.1457,-0.09261,0.22639,0.319,1,1,46,42,6,0,0,0,0,0,0,4.4494901,3.91988,3.130600403,5,4,0,0,0,0,0,0,1,0,0,0,0,0,0
13.79,50,0.174,-0.11961,0.25639,0.376,1,1,15,46,42,6,0,0,0,0,0,5.61664655,4.4494901,5.090540403,5,4,0,0,0,0,0,0,1,0,0,0,0,0,0
13.67,50,0,-0.686,0.044,0.73,0.5,0.1,46,28,0,0,0,0,0,0,0,4.4494901,4.3985196,0.0,5,1,0,0,0,0,0,0,1,0,0,0,0,0,0
0.24,100,30.478,0.67184,0.89584,0.224,0.5,0.5,78,58,8,0,0,0,1,0,0,5.5419675,3.0553,3.769790075,0,4,0,0,0,0,0,0,1,0,0,0,0,0,0
13.56,20,8.277,-0.152,0.121,0.273,0.5,0.5,46,6,0,0,0,0,0,0,0,4.4494901,6.261200806,0.0,5,6,0,0,0,0,0,0,1,0,0,0,0,0,0
13.56,20,17.367,-0.172,0.153,0.325,0.5,0.5,46,79,6,0,0,0,0,0,0,4.4494901,5.767082125,3.130600403,5,6,0,0,0,0,0,0,1,0,0,0,0,0,0
13.56,20,15.261,-0.2,0.131,0.331,0.5,0.5,46,79,0,0,0,0,0,0,1,4.4494901,5.767082125,0.0,5,6,0,0,0,0,0,0,1,0,0,0,0,0,0
0.59,50,0,0.27519,0.60419,0.329,0.2,0.1,51,78,6,0,0,0,0,0,0,4.827895095,5.5419675,3.130600403,1,4,0,0,0,0,0,0,1,0,0,0,0,0,0
13.56,50,69.522,-0.091,0.168,0.259,0.5,0.5,79,79,46,0,0,0,0,1,0,5.767082125,5.767082125,2.22474505,5,5,0,0,0,0,0,0,1,0,0,0,0,0,0
13.56,50,21.6,-0.86004,-0.63504,0.225,0.5,0.5,46,29,0,0,0,0,0,0,0,4.4494901,4.481082,0.0,5,4,0,0,0,0,0,0,1,0,0,0,0,0,0
13.56,50,268.2553,-0.343,-0.061,0.282,0.5,0.5,46,6,7,0,1,0,0,0,0,4.4494901,6.261200806,3.6160325,4,1,0,0,0,0,0,0,1,0,0,0,0,0,0
13.56,50,281.6815,-0.343,-0.051,0.292,0.5,0.5,46,6,7,0,0,0,0,0,0,4.4494901,6.261200806,3.6160325,4,1,0,0,0,0,0,0,1,0,0,0,0,0,0
13.56,50,77.91,-0.39404,0.12996,0.524,0.5,0.5,78,47,0,0,0,0,0,0,0,5.5419675,4.4403535,0.0,5,4,0,0,0,0,0,0,1,0,0,0,0,0,0
13.79,50,0,-0.24861,0.14539,0.394,1,1,78,28,0,0,0,0,0,0,0,5.5419675,4.3985196,0.0,5,4,0,0,0,0,0,0,1,0,0,0,0,0,0
12.71,50,95.377,-0.17989,0.34511,0.525,0.1,1,46,83,0,0,0,0,0,0,0,4.4494901,4.113939065,0.0,5,4,0,0,0,0,0,1,0,0,0,0,0,0,0
13.56,50,158.7,-0.546,0.123,0.669,0.5,0.5,78,47,0,0,0,0,0,0,0,5.5419675,4.4403535,0.0,4,5,0,0,0,0,0,0,1,0,0,0,0,0,0
13.45,20,96.097,-0.44,-0.098,0.342,0.5,1,46,79,6,0,0,0,0,0,0,4.4494901,5.767082125,3.130600403,5,1,0,0,0,0,0,0,1,0,0,0,0,0,0
13.45,20,87.762,-0.59,-0.071,0.519,0.5,1,46,47,6,0,0,0,0,0,0,4.4494901,4.4403535,3.130600403,5,1,0,0,0,0,0,0,1,0,0,0,0,0,0
